Feature,Coefficient,Odds_Ratio,Abs_Impact
Missed_Payments,9.309528234150976,11042.737313387157,9.309528234150976
Credit_Utilization,4.098115292507408,60.22667090596851,4.098115292507408
Credit_Score,-2.747563641252132,0.06408380229767478,2.747563641252132
Account_Type_Personal,-1.950381097839803,0.1422198615754871,1.950381097839803
Employment_Status_Unemployed,1.8049250577892948,6.079515819092114,1.8049250577892948
Debt_to_Income_Ratio,1.2874887366556436,3.6236751174364024,1.2874887366556436
Location_New York,-1.1010221791965107,0.3325310036421936,1.1010221791965107
Income,-1.0350152089204556,0.355220978356264,1.0350152089204556
Account_Tenure_Years,-0.970073073615955,0.3790553381471377,0.970073073615955
Location_Houston,-0.9167387933132641,0.39982081557017085,0.9167387933132641
Location_Los Angeles,0.8984341866285038,2.4557548453362217,0.8984341866285038
Risk_Tier_Very High,-0.6076993887948648,0.5446023472025282,0.6076993887948648
Location_Denver,-0.4933685822216632,0.6105661837467312,0.4933685822216632
Risk_Tier_Low,-0.433314537033006,0.6483565275909897,0.433314537033006
Location_Seattle,-0.2890060663010708,0.7490076616829074,0.2890060663010708
Employment_Status_Retired,-0.2765387683822405,0.7584042164571707,0.2765387683822405
Location_Chicago,0.23634531996888672,1.2666116209419978,0.23634531996888672
Loan_Balance,0.1494713803410726,1.1612202366093125,0.1494713803410726
Age,-0.10527010058280202,0.9000813772463313,0.10527010058280202
Risk_Tier_Moderate,0.0976364668582265,1.1025618944549125,0.0976364668582265
Employment_Status_Self-Employed,-0.0706026814174487,0.9318320527772556,0.0706026814174487
