Feature,Importance
Missed_Payments,0.4338614247032272
Credit_Utilization,0.14676154804852082
Debt_to_Income_Ratio,0.09283505254052563
Risk_Tier_Low,0.061720914017666634
Credit_Score,0.05484415153533343
Income,0.05094687272633105
Employment_Status_Unemployed,0.04162884442150443
Loan_Balance,0.02783299903119138
Age,0.024857743576964877
Account_Tenure_Years,0.023594041824537483
Risk_Tier_Moderate,0.010096912319610529
Risk_Tier_Very High,0.008732310297968945
Account_Type_Personal,0.005045958795140982
Location_Seattle,0.0031818818018045435
Location_Denver,0.0023013660845989108
Employment_Status_Self-Employed,0.0021354106253483694
Location_Los Angeles,0.00213249861218598
Employment_Status_Retired,0.0020593024968639712
Location_Chicago,0.0019405596482018597
Location_Houston,0.0017902933728715109
Location_New York,0.001699913519601389
